fileName,meta_tags,meta_keywords,max_keyword_length,min_keyword_length,descriptor_words,words_alt_images,avgNoOfWordsInLink,total_links,image_links,total_images,alt_images,div,paragraphs,tables,total_headings,link_headings,class
answer_the_phone_0.html,30,0,0,0,1,216,4.238636363636365,88,17,18,16,162,7,0,3,0,
answer_the_phone_1.html,27,0,0,0,1,373,2.5931558935361214,263,59,95,80,750,69,0,16,0,
answer_the_phone_10.html,27,0,0,0,1,527,2.958646616541346,266,76,124,103,894,97,0,17,0,
answer_the_phone_100.html,4,0,0,0,1,8,1.7631578947368414,76,1,2,2,11,4,0,5,0,
answer_the_phone_101.html,30,1,1,0,1,27,3.790123456790123,243,5,10,6,398,89,0,36,21,
answer_the_phone_102.html,28,0,0,0,1,2,2.3728813559322024,59,1,1,1,47,10,0,7,0,
answer_the_phone_103.html,31,0,0,0,1,15,7.0576923076923075,52,1,15,15,116,39,0,13,0,
answer_the_phone_104.html,23,1,1,0,1,87,1.8644067796610164,59,0,6,6,130,36,0,5,0,
answer_the_phone_106.html,30,0,0,0,1,232,3.5820895522388048,134,17,18,16,202,22,0,10,0,
answer_the_phone_107.html,31,1,1,0,1,303,2.3519108280254963,628,15,40,40,555,77,0,17,0,
answer_the_phone_108.html,30,0,0,0,1,80,2.7096774193548367,93,16,17,16,178,10,0,6,0,
answer_the_phone_109.html,19,0,0,0,1,66,7.2169811320754675,106,30,39,39,187,29,0,35,0,
answer_the_phone_110.html,33,0,0,0,1,39,3.7103825136611914,183,12,16,14,216,40,0,21,0,
answer_the_phone_111.html,29,1,1,0,2,53,12.943661971830979,142,12,22,21,93,75,0,11,0,
answer_the_phone_112.html,12,1,1,0,1,9,18.252525252525277,198,1,18,3,1159,184,0,16,2,
answer_the_phone_113.html,12,0,0,0,0,7,16.291666666666675,72,5,5,5,109,22,0,3,0,
answer_the_phone_114.html,24,1,1,0,1,86,3.0034482758620595,290,55,98,78,365,25,0,22,0,
answer_the_phone_115.html,62,0,0,0,1,62,3.4210526315789385,190,4,26,26,80,97,1,26,0,
answer_the_phone_116.html,30,0,0,0,1,97,3.619565217391307,92,17,18,17,166,12,0,12,0,
answer_the_phone_117.html,42,0,0,0,1,345,4.17647058823529,85,8,27,24,99,41,0,16,4,
answer_the_phone_118.html,27,0,0,0,1,15,3.943820224719098,89,2,6,5,71,105,0,21,0,
answer_the_phone_119.html,16,0,0,0,1,12,8.276595744680847,47,23,27,3,94,8,0,32,22,
answer_the_phone_12.html,103,1,1,0,1,0,1.5833333333333335,12,0,0,0,102,0,0,0,0,
answer_the_phone_120.html,12,0,0,0,0,21,30.59602649006623,151,18,18,18,319,67,0,3,0,
answer_the_phone_121.html,25,0,0,0,1,22,3.553846153846152,65,5,13,13,96,144,0,32,0,
answer_the_phone_122.html,25,0,0,0,1,38,2.9029126213592225,103,24,27,27,91,37,0,15,0,
answer_the_phone_123.html,23,0,0,0,1,88,5.516129032258063,31,6,13,13,67,27,0,16,0,
answer_the_phone_124.html,22,0,0,0,0,30,3.73684210526316,152,16,18,18,63,38,0,16,0,
answer_the_phone_125.html,19,0,0,0,1,231,21.71179039301312,229,52,56,30,456,149,0,38,0,
answer_the_phone_126.html,59,1,1,0,1,21,1.8913043478260887,92,3,7,7,82,21,0,4,0,
answer_the_phone_127.html,35,0,0,0,1,29,3.401709401709401,117,5,10,8,94,27,0,53,37,
answer_the_phone_128.html,27,0,0,0,0,15,2.5657894736842075,76,2,7,6,65,18,0,10,0,
answer_the_phone_129.html,29,0,0,0,1,10,3.4351145038168,262,5,11,10,293,23,0,7,0,
answer_the_phone_13.html,15,0,0,0,1,1,3.846153846153844,65,0,1,1,78,17,0,25,11,
answer_the_phone_131.html,14,0,0,0,1,16,2.811594202898553,69,0,6,4,116,8,0,9,0,
answer_the_phone_132.html,2,0,0,0,0,0,0,0,0,0,0,1,0,0,0,0,
answer_the_phone_133.html,30,0,0,0,1,167,4.180000000000005,150,17,18,17,225,35,0,13,0,
answer_the_phone_134.html,19,1,1,0,1,0,99.75,8,2,3,0,60,2,1,2,0,
answer_the_phone_135.html,11,0,0,0,1,2,6.051282051282049,39,2,3,2,44,3,0,6,0,
answer_the_phone_136.html,57,0,0,0,1,29,3.1940298507462668,67,5,7,6,53,22,0,10,0,
answer_the_phone_137.html,15,0,0,0,1,30,4.725752508361232,299,19,22,21,896,28,0,28,0,
answer_the_phone_138.html,16,0,0,0,0,9,22.97560975609756,41,7,12,9,83,41,0,10,0,
answer_the_phone_139.html,33,0,0,0,1,327,3.866310160427814,187,1,7,7,171,25,1,13,0,
answer_the_phone_14.html,36,0,0,0,1,98,2.1481481481481453,108,27,31,31,139,24,0,8,3,
answer_the_phone_140.html,48,0,0,0,1,11,45.07111111111112,225,4,10,9,207,26,0,10,0,
answer_the_phone_141.html,23,0,0,0,1,16,2.813953488372093,43,8,11,10,41,53,0,17,0,
answer_the_phone_142.html,12,0,0,0,0,19,25.169354838709662,124,14,14,14,228,119,0,3,0,
answer_the_phone_143.html,15,0,0,0,1,47,4.846153846153844,65,9,11,11,121,46,0,29,0,
answer_the_phone_144.html,16,0,0,0,0,10,4.988636363636363,88,17,20,4,142,34,0,3,0,
answer_the_phone_145.html,23,1,1,0,1,62,1.58,150,43,50,50,247,133,0,25,0,
answer_the_phone_146.html,4,1,1,0,1,0,14.187319884726232,347,26,27,0,144,85,0,13,0,
answer_the_phone_147.html,17,0,0,0,1,0,4.834586466165414,133,0,0,0,117,12,0,50,35,
answer_the_phone_148.html,3,0,0,0,0,40,2.760000000000001,150,35,39,36,288,35,0,14,0,
answer_the_phone_149.html,18,0,0,0,1,139,3.282608695652172,92,18,18,18,231,23,0,8,0,
answer_the_phone_15.html,19,0,0,0,1,71,7.233644859813075,107,30,36,36,186,28,0,33,0,
answer_the_phone_150.html,5,0,0,0,1,19,3.132352941176468,68,14,17,3,65,10,0,7,1,
answer_the_phone_152.html,42,0,0,0,1,227,3.7899999999999925,100,8,35,31,111,50,0,18,4,
answer_the_phone_153.html,24,0,0,0,1,8,2.138297872340425,94,3,6,6,366,88,0,14,7,
answer_the_phone_154.html,20,0,0,0,1,174,3.9805194805194817,154,64,78,74,162,52,0,12,0,
answer_the_phone_155.html,18,0,0,0,1,43,5.635761589403974,151,9,9,9,195,30,0,15,3,
answer_the_phone_156.html,14,0,0,0,0,3,3.4137483787289122,771,1,2,2,44,21,0,5,0,
answer_the_phone_157.html,16,0,0,0,1,47,2.1583577712609956,341,42,47,39,506,2,0,38,0,
answer_the_phone_158.html,15,0,0,0,1,2,1.2800000000000005,25,0,2,2,199,13,0,2,0,
answer_the_phone_159.html,36,0,0,0,1,115,4.0886075949367084,79,2,17,17,91,165,0,14,0,
answer_the_phone_16.html,72,1,1,0,1,0,1.5833333333333335,12,0,0,0,102,0,0,0,0,
answer_the_phone_160.html,12,0,0,0,0,27,31.512820512820536,156,19,19,19,318,139,0,3,0,
answer_the_phone_161.html,17,0,0,0,1,43,2.404040404040403,99,3,12,10,76,35,0,7,0,
answer_the_phone_162.html,15,0,0,0,0,2,22.780487804878046,41,3,5,2,75,19,0,6,0,
answer_the_phone_163.html,27,1,1,0,1,113,2.504504504504504,111,11,13,12,299,18,0,10,4,
answer_the_phone_164.html,12,0,0,0,1,28,2.6666666666666607,126,5,12,6,311,6,1,12,0,
answer_the_phone_165.html,16,0,0,0,1,19,8.110294117647069,136,9,19,12,616,23,0,4,0,
answer_the_phone_166.html,16,0,0,0,1,18,2.7247706422018347,218,23,24,16,264,2,0,19,0,
answer_the_phone_167.html,32,0,0,0,1,426,2.699551569506723,223,80,80,80,347,20,0,46,0,
answer_the_phone_168.html,44,0,0,0,1,211,3.823529411764702,102,14,32,23,110,39,0,19,4,
answer_the_phone_169.html,6,0,0,0,1,245,1.8518518518518539,108,15,20,19,243,37,0,23,0,
answer_the_phone_17.html,15,0,0,0,0,4,24.1025641025641,39,5,7,4,72,16,0,7,0,
answer_the_phone_170.html,30,0,0,0,1,102,3.848837209302328,86,17,18,16,175,15,0,6,0,
answer_the_phone_171.html,16,0,0,0,1,50,7.306306306306318,222,17,44,29,1068,129,0,12,0,
answer_the_phone_173.html,20,0,0,0,1,12,12.613636363636381,88,4,6,5,73,27,0,14,0,
answer_the_phone_174.html,21,0,0,0,1,26,4.276923076923073,195,12,19,19,893,44,0,12,0,
answer_the_phone_175.html,39,0,0,0,1,26,43.72928176795582,181,21,22,22,166,22,0,6,0,
answer_the_phone_18.html,23,1,1,0,1,52,45.60465116279064,172,8,21,17,377,70,0,22,3,
answer_the_phone_19.html,19,1,1,0,0,88,4.746835443037976,79,19,60,57,182,66,0,12,0,
answer_the_phone_2.html,25,1,1,0,1,64,128.63253012048187,166,14,16,16,179,10,0,33,0,
answer_the_phone_20.html,20,0,0,0,1,49,3.3214285714285725,112,5,18,17,175,43,0,17,0,
answer_the_phone_21.html,73,1,1,0,1,0,1.5833333333333335,12,0,0,0,102,0,0,0,0,
answer_the_phone_22.html,16,0,0,0,1,15,2.829145728643214,199,18,19,11,210,2,0,14,0,
answer_the_phone_23.html,14,1,1,0,1,4,2.0782608695652147,115,3,4,4,119,12,0,4,0,
answer_the_phone_24.html,30,0,0,0,1,76,3.2960000000000025,125,17,18,17,232,23,0,9,0,
answer_the_phone_25.html,23,0,0,0,1,1,22.775981524249467,433,1,1,1,532,9,0,5,0,
answer_the_phone_26.html,3,0,0,0,0,0,4.216666666666665,60,0,9,0,452,5,0,0,0,
answer_the_phone_27.html,4,0,0,0,1,102,8.099999999999996,130,13,13,13,76,51,0,7,0,
answer_the_phone_28.html,30,0,0,0,1,145,2.9819819819819795,111,17,22,22,202,25,0,7,0,
answer_the_phone_29.html,30,0,0,0,1,76,2.6499999999999986,120,15,16,16,169,12,1,6,0,
answer_the_phone_3.html,21,0,0,0,0,14,13.303514376996883,313,11,16,13,399,85,0,19,0,
answer_the_phone_30.html,4,0,0,0,0,205,30.14356435643563,202,47,52,51,620,78,0,11,0,
answer_the_phone_31.html,26,0,0,0,1,6,12.811475409836063,122,1,4,3,201,35,0,12,0,
answer_the_phone_32.html,10,0,0,0,1,223,2.9999999999999942,113,47,51,32,360,23,0,8,0,
answer_the_phone_33.html,36,0,0,0,1,9,36.736842105263165,57,6,10,8,42,35,0,43,0,
answer_the_phone_34.html,19,0,0,0,1,44,4.51239669421488,121,9,12,12,93,27,0,32,0,
answer_the_phone_35.html,15,0,0,0,1,6,6.590909090909095,66,0,2,2,101,6,0,40,36,
answer_the_phone_36.html,25,0,0,0,1,26,12.72164948453607,97,14,19,19,82,21,0,9,2,
answer_the_phone_37.html,21,0,0,0,1,39,4.558333333333338,120,9,12,12,93,6,0,12,0,
answer_the_phone_38.html,16,0,0,0,0,2,23.575,40,2,5,2,74,16,0,6,0,
answer_the_phone_39.html,15,1,1,0,0,11,2.2570281124498144,249,4,5,5,80,13,0,8,0,
answer_the_phone_4.html,110,1,1,0,1,0,1.5833333333333335,12,0,0,0,102,0,0,0,0,
answer_the_phone_40.html,48,0,0,0,1,11,41.61825726141087,241,2,8,7,204,30,0,6,0,
answer_the_phone_41.html,24,0,0,0,1,12,2.9212598425196807,127,4,10,10,118,90,0,6,0,
answer_the_phone_42.html,18,0,0,0,1,143,3.2680412371134007,97,21,21,21,233,45,0,8,0,
answer_the_phone_43.html,6,1,1,0,1,19,1.6923076923076914,91,4,7,5,137,16,0,4,0,
answer_the_phone_44.html,15,0,0,0,1,2,2.1860465116279073,43,0,2,2,259,0,0,1,0,
answer_the_phone_45.html,31,1,1,0,1,6,4.306122448979588,196,2,2,2,244,24,0,3,1,
answer_the_phone_46.html,39,1,1,0,1,51,2.698717948717945,156,12,17,16,201,18,0,31,4,
answer_the_phone_47.html,34,0,0,0,1,141,3.8200000000000007,150,19,20,20,275,31,0,7,0,
answer_the_phone_48.html,18,0,0,0,1,149,3.6770833333333326,96,21,21,21,249,24,0,8,0,
answer_the_phone_49.html,2,0,0,0,0,0,3.4000000000000004,5,0,5,0,16,6,1,1,0,
answer_the_phone_5.html,14,1,1,0,1,16,11.63003663003662,273,4,12,12,236,112,0,20,4,
answer_the_phone_50.html,2,0,0,0,0,13,1.3076923076923077,26,3,3,2,11,1,1,1,0,
answer_the_phone_51.html,9,0,0,0,0,2,4.999999999999999,91,2,2,2,77,0,5,3,0,
answer_the_phone_52.html,17,0,0,0,1,14,4.78518518518518,135,0,4,4,129,7,0,44,35,
answer_the_phone_53.html,4,0,0,0,0,205,30.14356435643563,202,47,52,51,620,78,0,11,0,
answer_the_phone_54.html,15,0,0,0,1,6,6.430769230769232,65,0,2,2,108,14,0,45,36,
answer_the_phone_55.html,4,0,0,0,0,205,30.14356435643563,202,47,52,51,620,78,0,11,0,
answer_the_phone_56.html,30,0,0,0,1,194,3.6138613861386166,101,17,18,16,206,30,0,12,0,
answer_the_phone_57.html,25,0,0,0,1,32,2.8399999999999976,100,23,26,26,88,17,0,19,0,
answer_the_phone_58.html,14,0,0,0,1,10,2.685714285714282,70,0,8,6,109,7,0,9,0,
answer_the_phone_59.html,13,0,0,0,1,105,45.84375,32,11,13,12,104,2,0,1,0,
answer_the_phone_6.html,27,0,0,0,1,278,3.059459459459454,185,63,65,46,450,28,0,17,0,
answer_the_phone_60.html,12,0,0,0,1,15,4.6470588235294095,34,2,3,3,13,35,0,13,0,
answer_the_phone_61.html,27,0,0,0,1,27,1.676767676767677,99,4,8,8,102,8,0,14,0,
answer_the_phone_62.html,3,0,0,0,0,30,3.772727272727272,22,1,18,18,43,7,0,5,0,
answer_the_phone_63.html,9,0,0,0,1,91,2.3472222222222214,144,27,30,30,84,65,0,4,0,
answer_the_phone_64.html,20,1,1,0,1,30,1.9873417721518996,79,16,23,23,98,30,0,19,0,
answer_the_phone_65.html,12,0,0,0,0,25,30.6298701298701,154,19,19,19,307,75,0,3,0,
answer_the_phone_66.html,5,0,0,0,1,10,6.008810572687213,227,20,24,10,519,10,0,27,2,
answer_the_phone_67.html,17,0,0,0,0,0,2.059055118110234,254,0,0,0,96,5,0,10,2,
answer_the_phone_68.html,19,0,0,0,1,12,6.6280991735537285,121,3,4,4,113,28,0,19,0,
answer_the_phone_69.html,10,0,0,0,1,193,3.24175824175824,91,43,47,28,314,25,0,7,0,
answer_the_phone_7.html,36,0,0,0,1,720,4.8601398601398555,143,38,80,80,319,111,0,47,0,
answer_the_phone_70.html,30,0,0,0,1,59,5.89795918367346,196,11,48,43,383,101,0,41,6,
answer_the_phone_71.html,30,1,1,0,1,53,3.8353909465020575,243,5,10,6,385,85,0,32,21,
answer_the_phone_72.html,43,0,0,0,2,3,94.93055555555557,288,8,19,3,147,72,0,51,0,
answer_the_phone_73.html,13,0,0,0,1,15,3.783606557377041,305,11,11,11,774,36,3,38,1,
answer_the_phone_74.html,42,0,0,0,1,4,2.009615384615382,104,3,5,4,158,20,1,34,0,
answer_the_phone_75.html,4,0,0,0,1,30,3.3661971830985897,71,9,12,11,61,39,0,6,0,
answer_the_phone_76.html,62,0,0,0,1,13,16.222222222222214,63,10,10,10,76,6,0,15,0,
answer_the_phone_77.html,48,0,0,0,1,79,8.569832402234647,179,21,24,23,218,61,0,9,2,
answer_the_phone_78.html,15,1,1,0,1,75,3.134146341463416,82,23,25,25,190,9,0,12,0,
answer_the_phone_79.html,14,0,0,0,1,12,2.971014492753626,69,0,6,4,115,8,0,9,0,
answer_the_phone_8.html,27,0,0,0,1,324,2.7257383966244726,237,57,76,57,581,50,0,15,0,
answer_the_phone_80.html,9,1,1,0,1,743,215.17319587628896,485,93,98,96,729,72,0,19,3,
answer_the_phone_81.html,21,0,0,0,0,15,11.93174061433453,293,10,15,12,367,25,0,12,0,
answer_the_phone_82.html,20,0,0,0,1,70,46.150684931506845,219,57,59,59,174,57,0,13,0,
answer_the_phone_83.html,25,1,1,0,1,3,40.215384615384686,130,19,23,2,235,81,0,16,4,
answer_the_phone_84.html,8,0,0,0,1,7,12.515625,64,2,4,4,17,23,0,26,0,
answer_the_phone_85.html,48,0,0,0,1,5,44.44394618834079,223,1,4,3,197,8,0,2,0,
answer_the_phone_86.html,1,0,0,0,0,6,2.947368421052631,19,0,4,3,49,7,0,0,0,
answer_the_phone_87.html,16,0,0,0,1,44,2.316417910447761,335,43,45,37,502,2,0,39,0,
answer_the_phone_88.html,10,0,0,0,0,39,3.0320000000000022,250,23,27,27,277,8,2,18,0,
answer_the_phone_89.html,16,0,0,0,0,9,24.15384615384615,39,6,12,9,79,28,0,5,0,
answer_the_phone_9.html,27,0,0,0,1,455,2.7617328519855677,277,75,90,71,568,45,0,15,0,
answer_the_phone_90.html,17,0,0,0,1,4,3.266666666666667,45,0,3,3,420,35,0,2,0,
answer_the_phone_91.html,14,0,0,0,1,1,2.186666666666665,75,1,2,1,52,19,0,25,1,
answer_the_phone_92.html,9,1,1,0,1,0,1.1984732824427469,131,2,17,0,97,1,45,1,0,
answer_the_phone_93.html,26,1,1,0,1,165,2.6966292134831473,89,10,17,17,313,11,0,8,4,
answer_the_phone_94.html,7,1,1,0,1,2,2.719101123595505,89,2,5,2,55,44,0,2,0,
answer_the_phone_95.html,17,0,0,0,1,6,3.2857142857142856,42,0,5,5,360,18,0,2,0,
answer_the_phone_96.html,2,0,0,0,0,0,0,0,0,0,0,1,0,0,0,0,
answer_the_phone_97.html,45,0,0,0,1,27,36.51381215469614,181,26,33,17,100,18,0,8,1,
answer_the_phone_98.html,17,0,0,0,0,12,1.999999999999999,42,14,18,3,33,26,0,1,0,
answer_the_phone_99.html,25,1,1,0,1,0,3.6595744680851063,47,0,0,0,88,25,0,14,0,
bake_parmesan_turkey_meatballs_0.html,41,0,0,0,1,312,1.8600823045267518,243,11,30,29,175,40,0,27,3,
bake_parmesan_turkey_meatballs_1.html,35,0,0,0,1,58,2.510344827586208,145,17,26,9,277,11,2,5,0,
bake_parmesan_turkey_meatballs_100.html,26,1,1,0,1,99,126.79146919431258,211,20,20,20,231,5,0,40,0,
bake_parmesan_turkey_meatballs_101.html,46,0,0,0,1,1722,2.587499999999998,80,15,24,24,122,40,0,17,0,
bake_parmesan_turkey_meatballs_107.html,38,0,0,0,1,174,1.784090909090911,88,14,38,34,96,34,0,13,0,
bake_parmesan_turkey_meatballs_120.html,27,0,0,0,1,284,3.090425531914893,188,61,72,53,523,43,0,18,0,
bake_parmesan_turkey_meatballs_121.html,39,1,1,0,1,88,36.347826086956516,92,25,53,27,351,9,0,35,17,
bake_parmesan_turkey_meatballs_122.html,41,0,0,0,0,26,2.0681818181818183,44,2,27,22,85,41,0,8,0,
bake_parmesan_turkey_meatballs_123.html,34,0,0,0,1,476,2.238461538461536,130,26,48,48,159,57,0,25,0,
bake_parmesan_turkey_meatballs_124.html,41,0,0,0,1,384,2.559523809523803,252,14,92,89,418,125,0,22,0,
bake_parmesan_turkey_meatballs_125.html,20,0,0,0,0,57,44.74358974358974,39,8,10,9,123,6,1,8,2,
bake_parmesan_turkey_meatballs_126.html,33,0,0,0,1,42,2.244897959183671,98,4,15,15,191,33,3,11,0,
bake_parmesan_turkey_meatballs_127.html,19,0,0,0,1,18,1.6565656565656575,99,10,14,14,143,33,0,14,3,
bake_parmesan_turkey_meatballs_128.html,23,0,0,0,1,216,1.7878787878787867,132,9,79,77,643,93,0,19,0,
bake_parmesan_turkey_meatballs_129.html,15,0,0,0,1,100,2.211111111111109,90,16,24,23,201,39,0,19,3,
bake_parmesan_turkey_meatballs_130.html,26,0,0,0,1,3353,2.915611814345992,237,98,133,113,367,82,0,35,4,
bake_parmesan_turkey_meatballs_132.html,5,0,0,0,0,20,5.941176470588231,68,11,14,13,91,2,0,11,0,
bake_parmesan_turkey_meatballs_133.html,27,0,0,0,1,86,2.2999999999999954,210,32,68,28,760,44,0,23,0,
bake_parmesan_turkey_meatballs_134.html,34,0,0,0,1,192,13.015384615384615,195,7,7,7,182,63,0,14,3,
bake_parmesan_turkey_meatballs_136.html,25,0,0,0,1,0,0,0,0,0,0,1,0,0,0,0,
bake_parmesan_turkey_meatballs_137.html,36,1,1,0,1,172,4.943661971830979,213,16,49,49,493,64,0,1,0,
bake_parmesan_turkey_meatballs_138.html,25,0,0,0,1,736,9.851851851851851,81,15,28,27,125,45,0,25,0,
bake_parmesan_turkey_meatballs_140.html,32,0,0,0,1,46,2.52127659574468,94,10,19,19,451,20,0,32,0,
bake_parmesan_turkey_meatballs_141.html,26,0,0,0,1,192,2.782258064516133,124,22,62,60,178,92,0,28,0,
bake_parmesan_turkey_meatballs_142.html,40,1,1,0,1,117,19.270833333333325,48,3,10,10,81,7,0,13,0,
bake_parmesan_turkey_meatballs_143.html,34,0,0,0,1,987,2.0489510489510523,143,44,75,69,109,48,0,36,0,
bake_parmesan_turkey_meatballs_144.html,30,0,0,0,1,1574,11.213333333333319,150,38,64,60,140,59,0,49,1,
bake_parmesan_turkey_meatballs_145.html,22,0,0,0,1,492,8.714285714285708,126,12,72,70,172,75,0,17,2,
bake_parmesan_turkey_meatballs_146.html,39,0,0,0,1,562,2.9206349206349174,126,16,64,64,159,69,0,26,0,
bake_parmesan_turkey_meatballs_147.html,31,0,0,0,1,70,2.237288135593219,59,0,19,19,89,67,0,20,0,
bake_parmesan_turkey_meatballs_148.html,24,0,0,0,1,88,153.56521739130432,69,14,21,16,251,78,0,15,0,
bake_parmesan_turkey_meatballs_149.html,24,0,0,0,1,46,115.37037037037034,270,10,18,10,316,9,0,40,0,
bake_parmesan_turkey_meatballs_15.html,34,0,0,0,1,4,2.472602739726028,146,17,19,2,263,11,2,5,0,
bake_parmesan_turkey_meatballs_160.html,34,0,0,0,1,318,2.2011834319526593,169,44,88,88,184,75,0,26,0,
bake_parmesan_turkey_meatballs_161.html,29,0,0,0,1,494,2.2596685082872923,181,2,43,36,133,83,0,27,0,
bake_parmesan_turkey_meatballs_162.html,31,0,0,0,1,206,1.8333333333333341,54,8,51,50,79,53,0,29,0,
bake_parmesan_turkey_meatballs_163.html,23,0,0,0,1,70,6.7226890756302415,238,0,14,13,141,36,0,42,0,
bake_parmesan_turkey_meatballs_164.html,61,0,0,0,1,117,2.27272727272727,154,14,18,13,78,17,0,5,0,
bake_parmesan_turkey_meatballs_165.html,26,0,0,0,1,450,3.010989010989008,91,43,69,67,141,28,0,38,0,
bake_parmesan_turkey_meatballs_170.html,44,0,0,0,1,255,3.728682170542641,258,20,95,93,334,112,0,31,3,
bake_parmesan_turkey_meatballs_171.html,36,1,1,0,1,31,3.99107142857143,112,15,17,17,174,2,0,1,0,
bake_parmesan_turkey_meatballs_172.html,25,0,0,0,1,27,1.828125,64,0,2,2,44,72,0,1,0,
bake_parmesan_turkey_meatballs_173.html,30,0,0,0,1,174,2.4324324324324342,74,8,28,28,50,55,0,24,0,
bake_parmesan_turkey_meatballs_174.html,27,0,0,0,1,54,1.8202247191011252,89,21,35,28,140,23,0,14,0,
bake_parmesan_turkey_meatballs_175.html,38,0,0,0,1,198,2.379032258064517,124,19,33,33,209,127,0,30,0,
bake_parmesan_turkey_meatballs_178.html,34,0,0,0,1,296,2.014492753623189,69,11,21,19,61,47,0,24,0,
bake_parmesan_turkey_meatballs_179.html,21,0,0,0,0,124,2.6206896551724173,116,8,46,46,249,65,0,13,0,
bake_parmesan_turkey_meatballs_2.html,21,0,0,0,1,81,13.050000000000002,40,3,22,21,219,24,0,17,6,
bake_parmesan_turkey_meatballs_20.html,17,0,0,0,1,0,4.059701492537317,201,5,85,0,275,1,0,9,0,
bake_parmesan_turkey_meatballs_21.html,21,0,0,0,1,96,2.8759124087591235,137,12,16,16,157,41,0,24,14,
bake_parmesan_turkey_meatballs_22.html,17,0,0,0,1,0,4.079601990049757,201,5,85,0,275,1,0,9,0,
bake_parmesan_turkey_meatballs_23.html,44,0,0,0,1,495,12.386524822695026,282,20,28,23,307,76,0,26,3,
bake_parmesan_turkey_meatballs_24.html,32,0,0,0,1,54,2.3989637305699514,193,2,26,24,303,76,0,12,0,
bake_parmesan_turkey_meatballs_25.html,33,0,0,0,1,380,3.138461538461535,130,32,67,65,340,70,0,23,0,
bake_parmesan_turkey_meatballs_26.html,23,0,0,0,1,89,20.415384615384614,65,12,13,13,167,27,0,26,12,
bake_parmesan_turkey_meatballs_27.html,23,0,0,0,1,78,19.05797101449274,69,12,13,13,159,28,0,25,12,
bake_parmesan_turkey_meatballs_28.html,41,0,0,0,1,40,15.615384615384633,299,14,21,16,395,6,0,42,12,
bake_parmesan_turkey_meatballs_29.html,28,0,0,0,0,134,2.2248062015503907,129,8,32,32,156,52,0,44,0,
bake_parmesan_turkey_meatballs_3.html,26,0,0,0,1,210,1.9784946236559124,186,38,60,50,278,112,0,41,8,
bake_parmesan_turkey_meatballs_30.html,34,0,0,0,1,85,2.567164179104478,134,10,35,34,174,100,0,10,0,
bake_parmesan_turkey_meatballs_31.html,24,0,0,0,1,313,164.96008403361347,476,68,118,88,773,5,0,71,0,
bake_parmesan_turkey_meatballs_32.html,25,0,0,0,1,798,2.0975609756097575,82,14,26,26,94,66,0,18,0,
bake_parmesan_turkey_meatballs_33.html,18,0,0,0,0,80,3.280991735537187,121,24,32,30,47,20,0,25,0,
bake_parmesan_turkey_meatballs_34.html,36,1,1,0,1,34,3.681034482758623,116,16,19,19,193,20,0,1,0,
bake_parmesan_turkey_meatballs_35.html,49,0,0,0,1,90,2.9565217391304253,161,19,29,29,243,38,14,20,0,
bake_parmesan_turkey_meatballs_36.html,26,0,0,0,1,508,2.644067796610167,118,36,54,54,141,51,0,42,15,
bake_parmesan_turkey_meatballs_37.html,36,1,1,0,1,33,3.675438596491225,114,15,18,18,179,17,0,1,0,
bake_parmesan_turkey_meatballs_4.html,41,0,0,0,1,55,22.17307692307693,208,14,24,16,402,6,0,42,12,
bake_parmesan_turkey_meatballs_40.html,35,0,0,0,1,470,2.6246246246246194,333,161,171,162,241,15,0,69,0,
bake_parmesan_turkey_meatballs_41.html,18,1,1,0,1,107,35.98095238095257,210,65,67,22,509,24,0,88,39,
bake_parmesan_turkey_meatballs_42.html,26,0,0,0,1,3256,2.7656249999999996,192,100,153,125,243,51,0,38,4,
bake_parmesan_turkey_meatballs_43.html,24,0,0,0,1,124,2.1280000000000014,125,26,32,32,133,22,0,31,12,
bake_parmesan_turkey_meatballs_46.html,22,0,0,0,1,124,2.1414141414141397,198,28,51,49,166,71,0,30,0,
bake_parmesan_turkey_meatballs_47.html,24,0,0,0,1,304,1.762886597938143,97,32,52,42,103,34,0,26,0,
bake_parmesan_turkey_meatballs_48.html,25,1,1,0,1,153,176.3068592057757,277,24,46,46,404,20,0,63,0,
bake_parmesan_turkey_meatballs_49.html,101,1,1,0,1,0,1.5833333333333335,12,0,0,0,102,0,0,0,0,
bake_parmesan_turkey_meatballs_5.html,23,0,0,0,0,224,2.5204081632653037,98,36,72,72,87,73,0,20,0,
bake_parmesan_turkey_meatballs_50.html,74,1,1,0,1,0,1.5833333333333335,12,0,0,0,102,0,0,0,0,
bake_parmesan_turkey_meatballs_51.html,28,0,0,0,1,448,2.0346820809248594,173,36,65,62,150,62,0,21,0,
bake_parmesan_turkey_meatballs_52.html,37,0,0,0,0,125,5.876826722338197,479,59,67,65,327,15,1,41,0,
bake_parmesan_turkey_meatballs_53.html,14,0,0,0,1,0,3.6571428571428553,70,4,4,0,198,15,0,5,0,
bake_parmesan_turkey_meatballs_54.html,42,0,0,0,1,396,2.308333333333333,120,18,71,69,102,115,0,19,0,
bake_parmesan_turkey_meatballs_55.html,18,0,0,0,0,22,2.297872340425531,47,6,8,6,86,6,0,5,0,
bake_parmesan_turkey_meatballs_56.html,32,1,1,0,1,46,1.649122807017545,57,1,12,12,117,13,0,6,0,
bake_parmesan_turkey_meatballs_57.html,25,1,1,0,0,64,40.56862745098045,102,34,38,36,181,17,0,27,0,
bake_parmesan_turkey_meatballs_58.html,14,0,0,0,1,0,3.84057971014493,69,4,4,0,205,15,0,5,0,
bake_parmesan_turkey_meatballs_59.html,20,1,1,0,1,130,2.3577981651376185,218,37,61,26,207,36,0,5,0,
bake_parmesan_turkey_meatballs_6.html,26,0,0,0,1,405,2.6825396825396806,63,44,58,57,156,30,0,18,0,
bake_parmesan_turkey_meatballs_66.html,41,0,0,0,1,378,1.8212765957446746,235,13,30,29,177,34,0,26,3,
bake_parmesan_turkey_meatballs_7.html,26,0,0,0,1,581,2.406593406593405,91,46,67,66,178,49,0,19,0,
bake_parmesan_turkey_meatballs_70.html,33,0,0,0,1,646,2.0095238095238055,210,59,99,84,154,60,0,36,0,
bake_parmesan_turkey_meatballs_71.html,38,0,0,0,1,382,1.8985507246376832,69,16,32,32,105,75,0,33,0,
bake_parmesan_turkey_meatballs_72.html,22,0,0,0,1,298,2.2605633802816905,142,30,52,50,138,58,0,21,0,
bake_parmesan_turkey_meatballs_73.html,23,0,0,0,1,80,3.2307692307692277,117,2,13,12,119,97,0,18,0,
bake_parmesan_turkey_meatballs_74.html,14,0,0,0,1,87,3.4383561643835625,73,10,15,14,70,59,0,17,0,
bake_parmesan_turkey_meatballs_75.html,30,0,0,0,1,194,1.6991869918699176,123,38,70,60,144,31,0,25,0,
bake_parmesan_turkey_meatballs_76.html,23,1,1,0,1,168,26.524271844660223,103,9,28,28,125,41,0,23,0,
bake_parmesan_turkey_meatballs_77.html,20,0,0,0,1,891,3.447163515016687,899,13,857,853,479,465,0,12,0,
bake_parmesan_turkey_meatballs_78.html,28,0,0,0,1,308,2.864197530864201,162,14,28,28,188,167,0,25,0,
bake_parmesan_turkey_meatballs_79.html,33,0,0,0,1,892,7.895238095238092,105,16,26,22,61,38,0,17,1,
bake_parmesan_turkey_meatballs_8.html,30,0,0,0,1,113,2.1458333333333344,96,8,16,16,89,32,0,29,0,
bake_parmesan_turkey_meatballs_88.html,32,0,0,0,1,14,2.2944444444444416,180,2,10,8,188,53,0,8,0,
bake_parmesan_turkey_meatballs_89.html,26,0,0,0,1,246,1.9058823529411741,170,36,66,56,242,77,0,37,8,
bake_parmesan_turkey_meatballs_9.html,30,0,0,0,1,72,5.447552447552439,143,10,30,30,131,46,0,12,0,
bake_parmesan_turkey_meatballs_90.html,26,0,0,0,1,74,5.720588235294122,136,18,31,23,110,48,0,33,12,
bake_parmesan_turkey_meatballs_91.html,17,0,0,0,0,324,2.8106060606060623,132,11,56,55,135,191,1,26,0,
bake_parmesan_turkey_meatballs_92.html,21,0,0,0,1,57,116.63396226415108,265,3,15,14,268,18,0,39,0,
bake_parmesan_turkey_meatballs_93.html,27,0,0,0,1,6,3.1650485436893194,103,2,5,4,88,34,0,15,0,
bake_parmesan_turkey_meatballs_94.html,31,0,0,0,1,162,2.185567010309277,97,12,33,33,119,69,0,35,2,
bake_parmesan_turkey_meatballs_95.html,45,0,0,0,1,120,1.5312499999999933,192,18,45,33,792,77,0,26,0,
bake_parmesan_turkey_meatballs_96.html,30,0,0,0,1,119,2.4086956521739094,115,11,19,19,107,38,0,31,0,
bake_parmesan_turkey_meatballs_97.html,39,0,0,0,1,188,1.778947368421054,95,14,38,34,101,37,0,13,0,
bake_parmesan_turkey_meatballs_98.html,23,0,0,0,1,70,6.7226890756302415,238,0,14,13,141,36,0,42,0,
bake_parmesan_turkey_meatballs_99.html,27,0,0,0,1,414,2.989847715736038,197,117,133,110,209,10,0,12,0,
choosing_outfit_0.html,27,0,0,0,1,319,2.743478260869571,230,59,74,57,591,32,0,16,0,
choosing_outfit_10.html,19,0,0,0,1,2,1.5714285714285712,35,6,7,2,192,0,0,1,0,
choosing_outfit_100.html,69,1,1,0,1,43,1.8235294117647047,119,18,20,19,201,26,0,12,8,
choosing_outfit_101.html,116,1,1,0,1,48,5.757377049180321,305,32,38,38,165,35,0,4,0,
choosing_outfit_102.html,22,0,0,0,1,1,5.358974358974358,39,1,2,1,207,9,0,14,10,
choosing_outfit_104.html,22,0,0,0,1,121,2.9677419354838688,93,18,28,26,56,31,0,33,0,
choosing_outfit_105.html,24,0,0,0,1,133,3.6206896551724155,116,14,23,22,84,39,0,25,0,
choosing_outfit_106.html,68,1,1,0,1,285,2.7391304347826058,161,39,42,42,284,0,0,43,37,
choosing_outfit_107.html,21,0,0,0,1,158,6.987654320987659,81,16,30,26,78,30,0,20,0,
choosing_outfit_108.html,21,0,0,0,1,103,17.061452513966465,179,5,21,21,120,69,0,33,0,
choosing_outfit_109.html,24,0,0,0,1,32,26.786516853932564,89,8,8,8,152,51,0,19,0,
choosing_outfit_11.html,21,0,0,0,1,58,1.9850746268656694,134,4,37,36,71,120,0,15,0,
choosing_outfit_110.html,21,0,0,0,1,40,17.646739130434764,184,5,18,18,231,97,2,37,2,
choosing_outfit_111.html,25,0,0,0,1,0,0,0,0,0,0,1,0,0,0,0,
choosing_outfit_112.html,25,0,0,0,1,0,0,0,0,0,0,1,0,0,0,0,
choosing_outfit_113.html,12,0,0,0,1,4,2.056338028169013,142,9,15,4,105,8,0,14,0,
choosing_outfit_114.html,28,0,0,0,1,36,1.5942028985507253,69,0,10,10,178,40,0,17,1,
choosing_outfit_115.html,23,1,1,0,1,76,3.524680073126138,547,11,22,22,620,156,0,67,0,
choosing_outfit_116.html,41,0,0,0,1,32,2.652173913043478,92,7,9,8,142,20,0,6,0,
choosing_outfit_117.html,340,2,1,0,2,181,3.8947368421052646,95,19,48,48,173,81,0,20,0,
choosing_outfit_118.html,18,0,0,0,0,59,2.632978723404251,188,32,32,31,109,29,0,30,0,
choosing_outfit_119.html,47,0,0,0,1,33,7.911111111111104,90,30,33,32,206,44,0,34,2,
choosing_outfit_121.html,37,0,0,0,1,228,9.752293577981648,327,52,60,59,475,27,0,50,0,
choosing_outfit_122.html,25,0,0,0,1,240,2.8692307692307657,130,61,87,86,131,54,0,19,0,
choosing_outfit_124.html,29,0,0,0,1,190,3.3293010752688574,744,29,33,33,348,75,0,20,0,
choosing_outfit_125.html,4,0,0,0,0,2,2.680851063829788,47,1,1,1,34,20,0,8,0,
choosing_outfit_126.html,18,0,0,0,1,4,1.9310344827586208,29,0,3,3,199,21,0,2,0,
choosing_outfit_127.html,14,0,0,0,0,5,2.187500000000001,80,0,8,5,65,20,0,8,0,
choosing_outfit_128.html,15,0,0,0,2,35,2.62105263157895,95,2,10,9,81,39,0,16,0,
choosing_outfit_129.html,24,0,0,0,1,13,10.648148148148147,54,4,6,6,70,28,0,11,0,
choosing_outfit_13.html,19,0,0,0,0,74,2.027027027027027,74,7,15,9,41,36,0,10,0,
choosing_outfit_130.html,0,0,0,0,0,0,0,0,0,0,0,0,0,0,0,0,
choosing_outfit_131.html,11,0,0,0,1,210,8.272727272727273,33,1,11,10,26,30,0,5,0,
choosing_outfit_132.html,22,0,0,0,1,263,7.195121951219502,164,23,35,31,61,81,2,14,0,
choosing_outfit_133.html,27,1,1,0,1,4,7.136842105263156,95,5,5,4,83,3,0,4,0,
choosing_outfit_134.html,21,0,0,0,1,52,43.19626168224298,107,4,12,10,164,43,1,28,5,
choosing_outfit_135.html,20,0,0,0,1,228,3.255102040816321,98,34,44,40,62,18,0,10,0,
choosing_outfit_136.html,19,0,0,0,0,27,2.1836734693877555,49,7,9,9,71,13,0,14,5,
choosing_outfit_138.html,14,0,0,0,0,104,1.9520000000000013,125,16,16,16,25,44,0,7,0,
choosing_outfit_139.html,35,0,0,0,1,143,21.77611940298509,268,12,15,12,539,39,0,41,0,
choosing_outfit_14.html,100,1,1,0,1,0,1.5833333333333335,12,0,0,0,102,0,0,0,0,
choosing_outfit_140.html,27,0,0,0,1,52,2.8026315789473664,76,8,29,28,40,41,0,19,0,
choosing_outfit_142.html,31,1,1,0,1,210,3.255813953488374,86,53,55,55,96,44,0,10,0,
choosing_outfit_143.html,18,0,0,0,1,14,1.798850574712648,174,5,9,9,117,15,0,20,2,
choosing_outfit_144.html,14,0,0,0,0,4,1.8301886792452828,53,0,7,4,67,23,0,4,0,
choosing_outfit_145.html,16,0,0,0,0,240,2.958904109589043,73,15,30,30,36,77,0,5,0,
choosing_outfit_146.html,50,0,0,0,1,93,3.0348837209302357,86,12,15,15,59,19,1,16,0,
choosing_outfit_147.html,17,0,0,0,0,17,1.9591836734693884,49,4,4,4,49,21,0,2,0,
choosing_outfit_148.html,19,0,0,0,1,34,2.40384615384615,156,6,8,8,160,7,0,6,0,
choosing_outfit_149.html,19,0,0,0,1,175,10.986577181208025,298,139,141,140,489,155,0,20,0,
choosing_outfit_15.html,41,0,0,0,1,7,5.0731707317073145,82,1,8,7,361,39,1,32,0,
choosing_outfit_150.html,31,0,0,0,0,94,3.1494845360824666,194,6,71,71,433,130,0,10,0,
choosing_outfit_151.html,22,0,0,0,1,36,3.0238095238095233,42,2,8,8,38,22,0,15,0,
choosing_outfit_152.html,35,0,0,0,1,30,3.7941176470588216,102,5,10,8,95,25,0,50,36,
choosing_outfit_153.html,20,1,1,0,1,94,5.088652482269491,282,29,34,34,107,35,0,40,12,
choosing_outfit_154.html,15,0,0,0,0,104,2.4769230769230735,130,17,56,55,73,149,0,55,0,
choosing_outfit_155.html,25,0,0,0,1,17,2.1949152542372863,118,0,25,9,375,0,0,6,1,
choosing_outfit_156.html,13,1,1,0,1,48,109.83783783783785,37,16,18,18,125,11,0,22,16,
choosing_outfit_157.html,25,0,0,0,1,0,0,0,0,0,0,1,0,0,0,0,
choosing_outfit_158.html,32,0,0,0,1,1167,4.305921052631604,608,207,211,211,759,64,0,228,0,
choosing_outfit_159.html,34,0,0,0,1,94,2.3191489361702113,94,10,32,29,325,192,0,52,0,
choosing_outfit_160.html,27,0,0,0,1,53,3.1658536585365877,205,19,23,22,131,17,0,30,23,
choosing_outfit_161.html,49,0,0,0,1,101,3.0315315315315363,222,37,40,39,174,43,0,5,0,
choosing_outfit_162.html,23,0,0,0,1,216,3.1382113821138233,123,54,68,68,72,33,0,44,16,
choosing_outfit_163.html,6,0,0,0,0,6,1.8780487804878059,82,11,15,4,141,11,0,16,0,
choosing_outfit_164.html,23,0,0,0,1,59,7.783132530120484,83,13,24,15,72,82,0,24,0,
choosing_outfit_165.html,25,0,0,0,1,440,4.742514970059874,167,52,55,54,181,45,0,56,0,
choosing_outfit_166.html,36,0,0,0,1,19,2.119047619047617,126,8,14,8,83,24,0,20,13,
choosing_outfit_167.html,37,0,0,0,1,29,2.0222222222222213,45,4,9,9,36,31,0,15,0,
choosing_outfit_168.html,28,0,0,0,1,13,3.3749999999999987,104,1,7,7,66,18,1,13,0,
choosing_outfit_169.html,37,0,0,0,1,7,5.162011173184366,179,5,7,5,93,16,0,3,0,
choosing_outfit_170.html,23,0,0,0,1,1,3.3939393939393927,33,0,1,1,29,2,0,15,0,
choosing_outfit_171.html,8,1,1,0,1,103,3.2814070351758775,597,21,29,29,177,48,4,15,0,
choosing_outfit_172.html,27,1,1,0,1,139,4.31578947368421,38,14,15,15,85,8,0,1,0,
choosing_outfit_173.html,42,0,0,0,1,219,4.07870370370371,216,153,161,161,88,71,0,21,8,
choosing_outfit_174.html,47,0,0,0,1,238,3.3060109289617423,183,37,41,40,102,58,0,13,0,
choosing_outfit_175.html,11,0,0,0,0,15,3.3775510204081587,98,15,15,15,238,10,1,20,0,
choosing_outfit_176.html,26,1,1,0,1,58,13.247933884297485,121,3,12,12,109,19,0,8,0,
choosing_outfit_177.html,54,0,0,0,1,0,0,0,0,0,0,1,0,0,0,0,
choosing_outfit_178.html,69,1,1,0,1,28,1.8067226890756287,119,11,14,13,188,34,0,13,8,
choosing_outfit_179.html,21,0,0,0,1,137,15.678391959798955,199,5,26,26,136,91,0,35,0,
choosing_outfit_2.html,27,0,0,0,1,314,5.183453237410115,278,65,86,67,661,41,0,15,0,
choosing_outfit_20.html,35,0,0,0,0,5,4.172413793103447,29,5,5,5,117,18,0,6,0,
choosing_outfit_21.html,35,0,0,0,1,138,2.806818181818179,88,5,35,35,228,66,0,42,3,
choosing_outfit_22.html,19,0,0,0,1,26,3.027777777777775,72,0,4,4,75,10,0,6,0,
choosing_outfit_23.html,108,1,1,0,1,0,1.5833333333333335,12,0,0,0,102,0,0,0,0,
choosing_outfit_24.html,40,0,0,0,1,91,3.2903225806451593,93,12,15,15,58,18,1,17,0,
choosing_outfit_25.html,8,1,1,0,1,0,1.5833333333333335,12,0,0,0,100,0,0,0,0,
choosing_outfit_26.html,19,0,0,0,0,156,2.1408450704225346,71,7,21,15,41,37,0,10,0,
choosing_outfit_28.html,79,1,1,0,1,0,1.5833333333333335,12,0,0,0,102,0,0,0,0,
choosing_outfit_3.html,27,0,0,0,1,376,2.419354838709679,310,67,80,63,618,24,0,16,0,
choosing_outfit_30.html,0,0,0,0,0,0,0,0,0,0,0,0,0,0,0,0,
choosing_outfit_31.html,31,0,0,0,1,89,62.21395348837222,215,83,88,83,82,11,0,86,0,
choosing_outfit_33.html,84,1,1,0,1,0,1.5833333333333335,12,0,0,0,102,0,0,0,0,
choosing_outfit_34.html,26,1,1,0,1,69,14.407407407407435,108,5,21,20,103,28,0,8,0,
choosing_outfit_35.html,25,1,1,0,1,115,136.92344497607678,209,19,25,25,275,53,0,39,0,
choosing_outfit_36.html,19,1,1,0,1,1,7.170731707317073,123,0,3,1,143,15,0,15,0,
choosing_outfit_37.html,42,0,0,0,0,44,3.3112244897959213,196,26,29,23,64,63,0,12,0,
choosing_outfit_38.html,17,0,0,0,1,172,3.8854166666666656,96,3,32,20,204,8,0,8,0,
choosing_outfit_39.html,30,0,0,0,1,200,3.924812030075188,133,17,31,30,261,34,0,15,0,
choosing_outfit_40.html,68,1,1,0,1,285,2.7391304347826058,161,39,42,42,284,0,0,43,37,
choosing_outfit_41.html,42,0,0,0,1,236,3.8016194331983795,247,150,165,165,90,98,0,24,8,
choosing_outfit_42.html,24,0,0,0,1,947,7.778846153846156,104,35,55,44,108,44,0,22,1,
choosing_outfit_43.html,34,1,1,0,1,2,3.077586206896554,116,12,15,2,202,12,0,32,19,
choosing_outfit_44.html,41,1,1,0,1,51,2.670886075949372,158,12,22,21,195,18,0,29,4,
choosing_outfit_45.html,70,1,1,0,1,86,2.092920353982295,226,10,17,12,210,58,0,9,0,
choosing_outfit_47.html,7,1,1,0,1,270,3.5597826086956545,184,38,39,37,233,59,0,46,21,
choosing_outfit_48.html,6,0,0,0,1,36,2.8173913043478236,115,12,13,12,95,37,0,28,2,
choosing_outfit_5.html,27,0,0,0,1,283,2.6150442477876057,226,35,56,50,666,34,0,17,0,
choosing_outfit_50.html,42,0,0,0,1,237,4.004608294930871,217,150,162,162,95,60,0,18,8,
choosing_outfit_51.html,37,1,1,0,1,57,3.870689655172418,116,10,17,17,116,15,0,6,0,
choosing_outfit_52.html,32,0,0,0,1,22,3.384615384615381,182,11,15,15,257,43,0,39,0,
choosing_outfit_53.html,23,0,0,0,1,99,125.27802690582968,223,20,20,20,227,30,0,47,0,
choosing_outfit_54.html,21,0,0,0,1,60,45.17647058823533,102,4,12,10,161,64,1,32,5,
choosing_outfit_55.html,26,1,1,0,1,58,12.9661016949153,118,3,12,12,109,15,0,2,0,
choosing_outfit_56.html,13,0,0,0,0,7,2.5901639344262293,61,4,8,6,49,23,0,11,0,
choosing_outfit_57.html,26,0,0,0,1,112,2.3913043478260896,69,5,18,17,67,28,0,15,0,
choosing_outfit_58.html,26,1,1,0,1,63,14.11711711711714,111,5,22,21,103,33,0,9,0,
choosing_outfit_59.html,13,0,0,0,1,62,1.9127906976744211,172,15,28,26,522,10,0,7,0,
choosing_outfit_60.html,30,0,0,0,1,158,13.968992248061962,258,26,48,48,116,53,0,43,0,
choosing_outfit_62.html,35,0,0,0,1,32,1.8028169014084487,142,0,4,3,101,17,0,8,0,
choosing_outfit_70.html,18,0,0,0,1,109,3.087912087912085,91,2,9,9,31,39,0,9,0,
choosing_outfit_71.html,12,0,0,0,1,13,11.050505050505047,99,26,43,2,152,28,0,0,0,
choosing_outfit_72.html,21,0,0,0,1,89,15.883248730964478,197,5,21,21,139,80,0,28,0,
choosing_outfit_73.html,17,0,0,0,0,28,3.171171171171165,111,26,30,16,61,25,0,5,0,
choosing_outfit_74.html,3,0,0,0,0,56,2.6888888888888856,90,22,23,19,91,27,0,34,0,
choosing_outfit_75.html,31,0,0,0,1,41,2.992907801418437,141,8,16,15,79,46,0,16,0,
choosing_outfit_76.html,18,0,0,0,0,25,1.7592592592592609,108,8,14,14,128,51,0,15,1,
choosing_outfit_77.html,25,0,0,0,1,0,2.418300653594767,153,0,0,0,216,33,0,14,2,
choosing_outfit_78.html,0,0,0,0,0,0,0,0,0,0,0,1,1,0,1,0,
choosing_outfit_79.html,29,0,0,0,0,110,4.866995073891636,203,110,110,110,373,3,0,50,0,
choosing_outfit_80.html,8,1,1,0,1,16,17.255555555555585,90,6,10,10,45,15,0,10,3,
choosing_outfit_81.html,0,0,0,0,0,0,0,0,0,0,0,0,0,0,0,0,
choosing_outfit_82.html,22,1,1,0,1,95,5.142307692307684,260,29,34,34,115,44,0,37,12,
choosing_outfit_83.html,21,0,0,0,1,128,1.5760869565217328,184,4,101,98,192,134,0,8,0,
choosing_outfit_84.html,28,0,0,0,1,92,6.51094890510951,137,30,37,37,115,38,0,13,0,
choosing_outfit_85.html,5,0,0,0,0,35,1.6744186046511635,43,2,16,16,42,16,0,16,0,
choosing_outfit_86.html,32,0,0,0,1,303,1.7349397590361448,83,41,61,61,94,53,0,18,0,
choosing_outfit_87.html,12,0,0,0,1,13,12.905882352941177,85,26,37,2,132,21,0,8,0,
choosing_outfit_88.html,13,0,0,0,0,19,3.4298245614035094,114,2,14,14,35,38,0,13,0,
choosing_outfit_89.html,22,0,0,0,1,1198,2.8584070796460175,113,28,155,154,91,177,0,70,0,
choosing_outfit_90.html,32,0,0,0,0,114,1.801369863013703,146,19,40,38,326,73,0,89,54,
choosing_outfit_91.html,38,0,0,0,1,197,2.537974683544306,158,9,63,53,157,45,0,26,0,
choosing_outfit_92.html,23,0,0,0,1,104,2.540229885057472,87,22,34,34,99,83,0,27,8,
choosing_outfit_93.html,36,0,0,0,1,29,3.9148936170212743,141,18,25,19,54,47,0,11,0,
choosing_outfit_94.html,29,0,0,0,1,399,2.668202764976964,217,17,88,64,569,162,0,73,0,
choosing_outfit_95.html,36,0,0,0,1,45,3.7883211678832116,137,21,25,19,54,39,0,10,0,
choosing_outfit_96.html,36,1,1,0,1,25,2.194117647058822,170,24,26,25,272,26,0,15,11,
choosing_outfit_97.html,44,0,0,0,1,98,3.244444444444442,90,19,20,20,102,23,0,24,0,
choosing_outfit_98.html,54,0,0,0,1,0,0,0,0,0,0,1,0,0,0,0,
choosing_outfit_99.html,19,0,0,0,1,417,1.5,58,2,70,69,224,94,0,55,0,
clean_0.html,35,1,1,0,1,97,8.29906542056074,107,15,33,33,279,28,0,1,0,
clean_1.html,10,0,0,0,1,519,2.867158671586722,271,91,128,109,940,76,0,20,0,
clean_10.html,36,1,1,0,1,44,4.754285714285716,175,15,24,24,189,26,0,1,0,
clean_100.html,27,0,0,0,1,194,2.7127659574468086,94,2,46,44,95,97,0,15,0,
clean_101.html,19,0,0,0,1,143,2.9684210526315806,95,1,41,41,23,34,0,41,0,
clean_102.html,40,1,1,0,1,55,52.58606557377051,244,35,37,37,372,22,0,28,0,
clean_103.html,27,0,0,0,0,70,3.285714285714283,105,16,35,31,248,66,0,27,3,
clean_105.html,28,0,0,0,1,164,2.9217391304347804,115,12,27,26,63,75,0,18,0,
clean_106.html,23,0,0,0,1,3,9.911845730027549,363,6,8,1,181,5,0,7,0,
clean_107.html,4,0,0,0,1,0,1.5454545454545454,11,0,0,0,10,14,0,5,0,
clean_108.html,39,0,0,0,1,47,2.405172413793103,116,14,28,27,77,58,0,9,0,
clean_109.html,28,1,1,0,1,49,2.3432835820895566,201,26,36,36,202,109,4,81,0,
clean_11.html,11,0,0,0,1,34,1.5454545454545376,330,5,5,5,156,16,0,22,0,
clean_110.html,44,0,0,0,1,119,4.526881720430104,93,27,41,37,83,75,0,8,0,
clean_111.html,22,0,0,0,1,30,102.81528662420388,157,5,7,6,188,19,0,30,0,
clean_112.html,32,0,0,0,1,13,2.08247422680412,194,3,10,8,201,45,0,4,0,
clean_113.html,30,0,0,0,1,131,3.2158273381294946,139,17,20,20,209,29,0,5,0,
clean_114.html,16,1,1,0,1,162,5.823045267489723,243,7,26,24,224,114,0,182,0,
clean_115.html,45,0,0,0,1,135,4.663043478260871,92,27,45,41,80,84,0,14,0,
clean_116.html,9,0,0,0,1,53,2.446808510638299,94,7,15,14,84,13,0,12,0,
clean_117.html,32,0,0,0,1,54,2.8139534883720936,43,1,5,5,81,33,0,23,0,
clean_118.html,8,1,1,0,0,26,12.13333333333333,45,11,14,11,120,8,0,9,0,
clean_119.html,19,0,0,0,1,86,4.6451612903225845,62,18,24,24,78,15,0,13,0,
clean_12.html,14,0,0,0,1,55,70.56818181818177,88,10,25,25,162,32,0,14,0,
clean_122.html,27,0,0,0,1,220,2.8579545454545485,176,2,106,104,159,183,0,9,0,
clean_123.html,18,1,1,0,1,0,12.466666666666654,90,16,18,0,158,14,0,18,0,
clean_124.html,76,1,1,0,1,0,1.5833333333333335,12,0,0,0,102,0,0,0,0,
clean_126.html,23,0,0,0,1,99,127.28767123287668,219,20,20,20,190,9,0,36,0,
clean_129.html,41,0,0,0,1,149,2.562992125984249,254,60,68,57,119,18,0,12,0,
clean_13.html,34,0,0,0,1,243,2.1622641509433986,265,44,92,89,203,48,0,25,0,
clean_130.html,17,0,0,0,1,52,4.325581395348841,129,10,26,13,102,34,0,22,0,
clean_131.html,0,0,0,0,0,0,0,0,0,0,0,0,0,0,0,0,
clean_132.html,19,0,0,0,1,143,3.387096774193548,93,44,54,54,161,31,0,13,0,
clean_133.html,45,1,1,0,1,8,1.7017543859649098,171,5,7,7,182,12,0,7,0,
clean_134.html,37,0,0,0,1,22,2.028169014084506,71,1,3,3,160,139,0,23,0,
clean_135.html,26,1,1,0,1,173,137.84642857142865,280,26,48,48,336,14,0,54,0,
clean_137.html,32,1,1,0,1,1,38.55844155844153,231,33,36,1,424,201,0,16,4,
clean_14.html,30,1,1,0,1,8,5.032000000000003,125,1,7,7,210,34,0,16,0,
clean_140.html,33,0,0,0,1,308,2.9825708061002096,459,42,150,148,342,69,0,21,1,
clean_141.html,32,0,0,0,1,302,1.8306010928961765,183,14,70,70,365,29,0,34,0,
clean_142.html,21,0,0,0,1,48,17.371428571428556,175,5,15,15,121,24,0,14,0,
clean_143.html,30,0,0,0,1,764,5.153846153846147,221,16,70,70,178,184,0,13,0,
clean_144.html,32,1,1,0,2,21,3.1578947368421035,38,6,10,7,36,56,0,13,0,
clean_145.html,23,1,1,0,1,10,3.1675977653631353,537,8,9,8,516,14,0,61,1,
clean_146.html,20,0,0,0,1,51,2.3059701492537297,134,5,13,10,115,36,0,18,1,
clean_147.html,4,0,0,0,0,0,28.51524390243906,328,15,24,0,469,24,0,19,0,
clean_148.html,29,0,0,0,1,61,42.414634146341506,82,16,31,19,101,14,0,19,8,
clean_149.html,15,0,0,0,1,6,6.597014925373132,67,0,2,2,110,11,0,46,36,
clean_15.html,18,1,1,0,1,2,11.194331983805656,247,30,40,1,492,21,0,90,0,
clean_150.html,38,1,1,0,1,34,3.966386554621845,119,16,19,19,155,10,0,2,0,
clean_151.html,32,0,0,0,1,81,24.206422018348682,218,14,60,59,253,70,0,16,0,
clean_152.html,23,0,0,0,1,4,5.682242990654197,107,2,6,2,140,12,0,10,0,
clean_16.html,27,0,0,0,1,259,2.4412811387900484,281,60,77,60,619,31,0,16,0,
clean_17.html,10,0,0,0,1,421,2.784403669724767,218,79,108,89,768,56,0,18,0,
clean_170.html,22,0,0,0,1,0,7.1463414634146165,82,18,20,0,116,12,1,12,0,
clean_171.html,28,0,0,0,1,26,5.602409638554159,996,3,10,10,240,10,0,3,0,
clean_172.html,19,0,0,0,1,7,3.1625000000000023,80,3,3,3,38,34,0,18,0,
clean_173.html,14,0,0,0,1,3,2.7733333333333325,75,0,2,2,78,12,0,16,1,
clean_174.html,27,1,1,0,1,125,3.0645161290322562,93,11,13,13,275,10,0,10,6,
clean_175.html,36,0,0,0,1,54,3.8808290155440495,193,5,9,9,168,13,0,8,0,
clean_176.html,21,1,1,0,1,105,5.50925925925926,108,12,32,30,298,31,0,50,0,
clean_177.html,28,0,0,0,1,77,77.33797909407639,287,36,52,52,364,23,0,42,3,
clean_178.html,1,0,0,0,0,0,0,0,0,0,0,0,0,0,0,0,
clean_179.html,17,0,0,0,1,13,2.520000000000001,25,2,2,2,39,22,0,17,0,
clean_18.html,27,0,0,0,1,214,2.7094801223241456,327,40,106,72,972,97,0,23,0,
clean_180.html,26,0,0,0,0,136,31.931137724551068,334,14,118,117,368,149,0,26,0,
clean_19.html,37,1,1,0,1,34,4.051724137931036,116,17,20,20,143,18,0,5,0,
clean_2.html,30,0,0,0,1,149,3.1851851851851847,108,17,21,21,207,14,0,4,0,
clean_20.html,20,1,1,0,1,91,5.235955056179765,267,30,35,35,111,26,0,36,13,
clean_21.html,1,0,0,0,0,0,1.7692307692307694,26,11,94,0,6,56,38,5,0,
clean_22.html,33,1,1,0,1,29,2.3333333333333344,75,3,4,4,168,24,0,10,0,
clean_23.html,31,0,0,0,1,68,2.9241379310344753,290,5,16,16,126,41,0,15,0,
clean_24.html,18,1,1,0,1,12,12.4767441860465,86,10,15,2,172,16,0,17,0,
clean_25.html,34,1,1,0,1,32,2.6846846846846817,111,3,7,7,238,56,0,5,0,
clean_26.html,34,0,0,0,1,65,2.934959349593498,123,17,26,9,208,9,0,10,0,
clean_27.html,21,1,1,0,1,102,6.463414634146335,82,12,35,33,341,37,0,59,0,
clean_28.html,32,0,0,0,1,34,2.355191256830598,183,1,17,15,226,39,0,7,0,
clean_3.html,18,0,0,0,1,21,3.3382352941176374,340,4,10,8,229,6,0,7,0,
clean_31.html,26,0,0,0,2,42,1.7684210526315811,95,2,7,7,120,36,0,11,0,
clean_32.html,32,0,0,0,1,265,2.26114649681529,157,48,76,69,113,50,0,15,0,
clean_33.html,17,0,0,0,1,20,2.9787234042553163,94,3,16,14,78,45,0,3,0,
clean_34.html,30,1,1,0,1,6,5.451612903225803,93,1,5,5,171,38,0,8,1,
clean_35.html,42,0,0,0,1,61,4.491935483870969,248,5,14,14,70,30,0,21,0,
clean_36.html,32,0,0,0,1,91,2.684210526315791,152,48,78,71,115,47,0,16,0,
clean_4.html,38,1,1,0,1,46,4.161016949152537,118,17,23,23,169,20,0,10,0,
clean_40.html,32,0,0,0,1,29,2.3028571428571447,175,0,18,16,201,38,0,6,0,
clean_41.html,37,1,1,0,1,84,7.404761904761898,126,21,29,29,210,29,0,9,0,
clean_42.html,23,0,0,0,1,99,128.8,215,20,20,20,199,13,0,37,0,
clean_43.html,31,0,0,0,1,29,6.555555555555554,54,13,21,21,87,97,0,12,0,
clean_44.html,24,0,0,0,1,125,3.4800000000000018,75,16,24,24,93,32,0,10,0,
clean_45.html,48,0,0,0,1,7,44.781659388646354,229,4,6,5,204,12,0,5,0,
clean_46.html,15,0,0,0,0,4,22.50000000000001,42,5,7,4,78,38,0,8,0,
clean_47.html,16,0,0,0,0,2,4.272727272727272,99,1,2,2,64,5,0,5,0,
clean_48.html,34,0,0,0,1,83,2.801587301587298,126,17,32,15,223,14,0,9,0,
clean_49.html,37,1,1,0,1,63,8.36111111111112,108,19,24,24,176,19,0,6,0,
clean_5.html,36,0,0,0,1,363,2.7014925373134324,134,32,92,89,134,99,0,35,0,
clean_50.html,17,0,0,0,1,21,3.0520833333333313,96,3,19,17,78,49,0,8,0,
clean_51.html,30,1,1,0,1,327,5.785016286644943,614,20,32,24,510,70,0,26,8,
clean_52.html,68,1,1,0,1,0,1.5833333333333335,12,0,0,0,98,0,0,0,0,
clean_53.html,37,0,0,0,1,38,2.999999999999998,127,7,11,9,75,39,0,15,4,
clean_54.html,57,0,0,0,1,3,2.166666666666666,42,1,2,2,66,26,0,4,0,
clean_55.html,38,0,0,0,1,700,2.8819095477386845,398,201,211,202,279,17,0,85,0,
clean_56.html,18,1,1,0,1,4,7.441441441441435,222,18,19,2,324,16,0,59,0,
clean_57.html,33,1,1,0,1,63,2.171875,64,5,6,6,172,21,0,12,0,
clean_58.html,39,0,0,0,1,46,2.698630136986303,73,13,18,17,94,25,0,4,0,
clean_59.html,24,0,0,0,1,155,136.756457564576,271,25,27,27,280,23,0,48,0,
clean_6.html,49,0,0,0,1,9,42.32203389830506,236,1,8,7,218,27,0,9,0,
clean_60.html,41,0,0,0,1,0,1.8425925925925948,108,14,14,0,120,24,0,6,3,
clean_61.html,19,0,0,0,1,146,6.482084690553694,307,34,41,34,384,121,0,26,7,
clean_62.html,24,0,0,0,1,104,13.588235294117643,51,1,6,5,153,11,0,9,6,
clean_63.html,49,0,0,0,1,128,3.440944881889761,127,7,74,71,460,38,0,44,3,
clean_64.html,39,0,0,0,1,2,1.999999999999999,58,1,3,2,44,20,0,3,0,
clean_65.html,11,0,0,0,1,132,26.147321428571466,224,19,44,28,263,57,0,27,0,
clean_66.html,38,1,1,0,1,57,5.974025974025979,154,24,26,26,201,23,0,9,0,
clean_67.html,33,1,1,0,1,9,1.5517241379310347,87,2,3,3,168,24,0,7,0,
clean_68.html,22,0,0,0,1,119,2.9107142857142825,168,9,31,29,239,40,0,33,0,
clean_69.html,41,0,0,0,1,0,1.864864864864862,111,16,16,0,165,68,0,5,0,
clean_7.html,41,0,0,0,1,21,3.07017543859649,114,11,14,13,242,35,0,7,0,
clean_70.html,31,1,1,0,1,19,25.402985074626866,134,13,14,14,220,17,0,17,6,
clean_71.html,33,0,0,0,1,13,2.8145161290322593,124,17,20,3,197,4,0,4,0,
clean_77.html,17,0,0,0,1,3,23.449999999999996,40,3,5,2,73,17,1,7,0,
clean_79.html,37,1,1,0,1,39,4.09565217391304,115,17,20,20,141,20,0,8,0,
clean_8.html,36,1,1,0,1,63,4.709302325581394,172,15,23,23,177,17,0,1,0,
clean_80.html,24,0,0,0,1,189,126.54152823920236,301,25,41,41,331,18,0,52,0,
clean_82.html,13,0,0,0,1,0,3.9710144927536226,69,0,0,0,286,98,0,91,11,
clean_83.html,24,0,0,0,1,8,15.244897959183675,49,1,4,3,163,16,0,15,6,
clean_84.html,33,0,0,0,1,620,2.672588832487312,394,201,211,202,280,15,0,85,0,
clean_85.html,32,0,0,0,1,35,2.0144927536231925,207,8,21,19,273,47,0,3,0,
clean_86.html,26,0,0,0,0,63,3.1123595505617954,89,16,28,24,178,46,0,27,3,
clean_87.html,34,0,0,0,1,8,2.6758620689655186,145,17,19,2,211,21,0,9,0,
clean_88.html,22,0,0,0,1,70,3.681818181818188,132,0,19,19,269,23,0,3,0,
clean_89.html,14,0,0,0,1,68,58.64285714285715,112,11,36,26,182,50,0,18,0,
clean_9.html,16,0,0,0,0,2,4.477272727272734,88,1,2,2,60,4,0,5,0,
clean_90.html,29,0,0,0,1,101,38.32608695652171,92,16,31,19,112,39,0,22,8,
clean_91.html,43,0,0,0,1,16,35.845771144278594,201,24,28,14,135,25,0,11,3,
clean_92.html,23,0,0,0,1,75,3.247311827956987,93,11,14,11,100,79,0,14,0,
clean_93.html,33,1,1,0,1,4,1.87301587301587,126,3,4,4,207,56,0,9,0,
clean_94.html,26,1,1,0,1,104,3.1847826086956528,92,8,11,9,244,12,0,9,4,
clean_95.html,25,0,0,0,1,477,3.122222222222222,90,26,49,45,70,145,0,20,0,
clean_96.html,34,1,1,0,1,10,2.042553191489362,94,2,3,3,178,28,0,1,0,
clean_97.html,42,0,0,0,1,76,4.497942386831278,243,2,15,15,69,18,0,22,0,
clean_98.html,16,0,0,0,1,107,1.9221411192214244,411,22,29,25,244,17,0,34,7,
clean_99.html,27,0,0,0,1,913,2.3000000000000003,150,29,55,54,365,88,0,45,0,
cook_pasta_0.html,27,0,0,0,1,147,2.626712328767111,292,44,83,48,832,65,0,22,0,
cook_pasta_1.html,23,0,0,0,1,99,126.79090909090922,220,20,20,20,187,5,0,37,0,
cook_pasta_10.html,20,0,0,0,1,44,7.233606557377054,244,15,17,17,211,32,0,35,5,
cook_pasta_100.html,34,0,0,0,1,43,1.4823529411764698,85,0,4,4,89,21,4,3,0,
cook_pasta_106.html,10,1,1,0,1,132,2.233576642335769,137,33,75,51,381,13,2,2,0,
cook_pasta_107.html,18,1,1,0,1,183,28.687500000000053,112,38,67,60,237,4,0,41,0,
cook_pasta_108.html,41,0,0,0,1,406,6.187499999999994,224,26,78,78,255,106,0,48,0,
cook_pasta_11.html,38,1,1,0,1,29,3.7837837837837784,111,16,18,18,149,9,0,8,0,
cook_pasta_110.html,41,1,1,0,1,65,16.38095238095236,126,37,43,42,285,23,0,14,3,
cook_pasta_112.html,36,0,0,0,1,49,1.790540540540542,148,0,4,3,121,12,0,4,0,
cook_pasta_113.html,27,0,0,0,1,68,95.33333333333333,123,9,10,10,195,11,0,9,0,
cook_pasta_114.html,19,0,0,0,1,355,3.2211538461538436,104,50,112,112,222,47,0,21,0,
cook_pasta_115.html,33,0,0,0,1,590,2.365426695842437,457,193,199,196,455,152,0,81,0,
cook_pasta_116.html,35,0,0,0,1,72,3.6184210526315734,228,21,46,13,396,21,2,13,0,
cook_pasta_117.html,21,1,1,0,1,174,3.196721311475402,183,49,49,49,195,21,0,62,49,
cook_pasta_118.html,26,1,1,0,1,158,133.7535714285714,280,26,28,28,254,10,0,47,0,
cook_pasta_119.html,20,1,1,0,1,110,20.999999999999954,172,21,28,28,174,49,0,17,1,
cook_pasta_12.html,18,1,1,0,1,85,62.936507936507915,252,72,83,16,559,14,0,99,39,
cook_pasta_120.html,41,0,0,0,1,28,2.327586206896554,116,13,19,6,152,26,0,13,4,
cook_pasta_121.html,40,0,0,0,1,6,7.541484716157185,229,25,35,6,82,24,0,33,3,
cook_pasta_123.html,35,0,0,0,1,13,1.789808917197452,157,0,8,7,121,23,0,9,0,
cook_pasta_128.html,17,0,0,0,1,0,4.03825136612021,183,5,77,0,268,1,0,9,0,
cook_pasta_13.html,21,1,1,0,1,233,15.678756476683926,193,37,43,43,67,12,0,15,0,
cook_pasta_131.html,0,0,0,0,0,0,0,0,0,0,0,0,0,0,0,0,
cook_pasta_14.html,32,0,0,0,1,79,3.5247524752475274,202,22,37,14,322,21,2,13,0,
cook_pasta_15.html,14,0,0,0,1,3,3.1688311688311677,77,0,2,2,78,19,0,19,1,
cook_pasta_16.html,77,1,1,0,1,0,1.5833333333333335,12,0,0,0,102,0,0,0,0,
cook_pasta_17.html,32,0,0,0,1,264,2.033057851239667,121,29,47,46,127,72,0,31,0,
cook_pasta_18.html,13,0,0,0,1,0,17.951612903225787,62,0,12,0,164,18,0,16,0,
cook_pasta_19.html,32,0,0,0,1,48,2.331550802139041,187,2,25,23,266,65,0,8,0,
cook_pasta_2.html,25,1,1,0,1,193,155.58152173913092,368,38,58,48,365,42,0,62,0,
cook_pasta_21.html,19,1,1,0,1,49,9.564285714285704,140,10,11,11,162,2,0,10,0,
cook_pasta_23.html,35,1,1,0,1,30,4.121212121212119,99,15,19,19,162,18,0,1,0,
cook_pasta_26.html,18,1,1,0,1,85,36.804123711340324,194,61,61,16,456,0,0,94,39,
cook_pasta_3.html,40,0,0,0,1,53,8.709183673469392,196,9,12,12,183,30,0,7,0,
cook_pasta_30.html,0,0,0,0,0,0,0,0,0,0,0,0,0,0,0,0,
cook_pasta_31.html,39,0,0,0,1,166,42.32857142857144,70,11,22,22,237,10,1,2,0,
cook_pasta_32.html,32,0,0,0,1,34,2.325966850828729,181,1,20,18,280,54,0,15,0,
cook_pasta_33.html,40,0,0,0,1,184,22.24669603524228,227,28,31,31,635,29,0,25,0,
cook_pasta_34.html,1,0,0,0,0,15,2.169642857142856,112,36,50,11,69,110,1,40,0,
cook_pasta_35.html,29,0,0,0,1,17,1.979452054794523,146,1,7,7,176,14,0,7,0,
cook_pasta_36.html,50,1,1,0,1,4,9.033333333333339,60,6,10,3,96,20,0,1,0,
cook_pasta_37.html,22,0,0,0,1,66,3.4230769230769176,104,5,13,11,142,30,0,7,0,
cook_pasta_38.html,25,0,0,0,0,110,16.86026200873365,229,18,40,32,237,139,0,44,12,
cook_pasta_4.html,29,1,1,0,1,12,4.270270270270269,74,1,11,11,120,29,0,14,0,
cook_pasta_40.html,27,0,0,0,1,402,2.690721649484532,291,69,73,54,585,31,0,29,0,
cook_pasta_41.html,24,0,0,0,0,301,1.7966101694915284,177,17,33,32,296,109,0,27,4,
cook_pasta_42.html,33,1,1,0,1,130,2.696629213483145,89,6,13,13,178,26,0,16,4,
cook_pasta_43.html,29,0,0,0,1,507,2.208333333333333,48,11,34,34,85,111,0,17,0,
cook_pasta_44.html,40,0,0,0,1,32,17.073619631901842,163,21,33,16,201,28,0,57,0,
cook_pasta_45.html,33,0,0,0,1,47,2.2564102564102564,39,7,7,7,132,10,0,12,0,
cook_pasta_46.html,26,1,1,0,1,119,3.1853932584269673,178,17,25,18,158,10,0,19,6,
cook_pasta_47.html,68,1,1,0,1,22,2.0692307692307668,130,11,11,11,159,24,0,9,8,
cook_pasta_48.html,14,0,0,0,1,3,3.1315789473684204,76,0,2,2,78,11,0,17,1,
cook_pasta_49.html,21,0,0,0,1,14,8.125000000000002,48,3,14,14,77,51,0,11,0,
cook_pasta_5.html,39,0,0,0,1,19,7.403846153846158,104,5,8,6,99,20,0,15,0,
cook_pasta_50.html,69,0,0,0,1,153,1.838095238095234,210,16,23,23,152,30,0,23,4,
cook_pasta_51.html,19,0,0,0,1,13,1.6477272727272745,88,6,11,11,142,34,0,12,3,
cook_pasta_52.html,28,0,0,0,1,13,6.171052631578952,76,1,3,3,158,23,0,9,0,
cook_pasta_53.html,34,0,0,0,1,149,3.062913907284763,302,7,19,19,192,109,0,10,0,
cook_pasta_54.html,35,0,0,0,1,3786,10.087301587301583,126,66,104,104,232,87,0,16,1,
cook_pasta_55.html,21,1,1,0,1,95,3.2213114754098324,122,33,34,34,178,31,8,45,24,
cook_pasta_56.html,19,1,1,0,1,38,7.098425196850386,254,7,15,11,178,39,0,27,3,
cook_pasta_57.html,18,1,1,0,1,293,28.687500000000053,112,38,92,85,412,4,0,66,0,
cook_pasta_58.html,36,1,1,0,1,36,4.787500000000001,160,16,25,25,213,1,0,1,0,
cook_pasta_59.html,39,0,0,0,1,479,6.463414634146332,246,29,83,83,304,136,0,56,0,
cook_pasta_6.html,34,0,0,0,1,35,2.5474452554744555,137,17,28,11,270,23,0,11,0,
cook_pasta_60.html,24,0,0,0,1,165,134.1505376344088,279,25,31,31,299,20,0,50,0,
cook_pasta_61.html,28,0,0,0,1,84,40.976470588235344,85,16,37,25,109,32,0,19,8,
cook_pasta_62.html,17,1,1,0,1,60,2.0508474576271123,295,17,30,24,282,8,0,8,0,
cook_pasta_63.html,41,0,0,0,1,41,19.234899328859033,149,21,31,20,185,35,0,54,0,
cook_pasta_64.html,35,0,0,0,1,1036,2.0740740740740713,135,42,73,73,147,98,0,46,0,
cook_pasta_65.html,38,0,0,0,1,268,1.5763888888888857,144,30,79,79,332,178,0,41,0,
cook_pasta_66.html,44,0,0,0,1,63,2.6349206349206344,63,17,17,15,69,100,0,20,0,
cook_pasta_67.html,38,1,1,0,1,36,4.7834394904458675,157,15,18,18,137,8,0,3,0,
cook_pasta_68.html,24,0,0,0,1,172,138.35661764705873,272,25,37,37,310,25,0,48,0,
cook_pasta_69.html,20,0,0,0,1,18,2.173913043478261,23,0,6,6,21,41,0,13,0,
cook_pasta_7.html,25,1,1,0,1,174,151.8968253968257,378,38,60,50,336,24,0,59,0,
cook_pasta_70.html,34,0,0,0,1,45,1.4823529411764698,85,0,5,5,89,22,5,3,0,
cook_pasta_71.html,39,0,0,0,1,206,1.8921161825726103,241,102,116,116,698,170,2,7,0,
cook_pasta_72.html,29,0,0,0,1,470,3.2807017543859596,114,14,66,62,116,97,0,26,0,
cook_pasta_73.html,10,1,1,0,1,112,2.235294117647057,119,25,79,43,337,11,16,2,0,
cook_pasta_74.html,34,0,0,0,1,246,2.248407643312102,157,6,84,84,203,19,0,19,0,
cook_pasta_75.html,27,0,0,0,1,279,2.5689655172413786,116,32,89,69,124,61,0,44,7,
cook_pasta_76.html,27,0,0,0,1,455,2.3233256351039286,433,54,55,55,348,28,0,83,0,
cook_pasta_77.html,17,0,0,0,1,0,4.000000000000002,201,5,85,0,274,1,0,9,0,
cook_pasta_78.html,20,0,0,0,1,104,2.058823529411763,68,9,17,10,38,23,0,6,0,
cook_pasta_79.html,37,0,0,0,1,20,1.8496240601503757,266,0,1,1,453,136,0,101,0,
cook_pasta_8.html,95,1,1,0,1,0,1.5833333333333335,12,0,0,0,102,0,0,0,0,
cook_pasta_80.html,0,0,0,0,0,0,0,0,0,0,0,0,0,0,0,0,
cook_pasta_81.html,35,0,0,0,1,33,19.39130434782609,46,8,11,10,124,13,0,6,0,
cook_pasta_83.html,37,0,0,0,1,24,7.509615384615388,104,6,9,7,95,16,0,11,0,
cook_pasta_84.html,27,1,1,0,1,126,2.8515625,128,13,15,14,422,54,0,24,6,
cook_pasta_85.html,42,0,0,0,1,47,7.682926829268286,82,0,10,10,70,11,0,20,0,
cook_pasta_86.html,7,0,0,0,0,61,1.606299212598417,1397,33,44,44,199,81,9,47,0,
cook_pasta_87.html,19,1,1,0,1,118,18.16470588235298,170,16,28,28,138,67,0,15,1,
cook_pasta_88.html,27,1,1,0,1,99,3.1052631578947376,95,11,12,11,272,8,0,9,4,
cook_pasta_89.html,33,1,1,0,1,134,2.8160919540229914,87,6,14,14,212,36,0,12,4,
cook_pasta_9.html,34,0,0,0,1,13,2.7647058823529376,136,17,20,3,210,16,0,12,0,
cook_pasta_92.html,38,0,0,0,1,300,1.5507246376811619,138,30,82,82,335,197,0,38,0,
cook_pasta_93.html,26,1,1,0,1,233,175.50710900473894,422,41,73,73,567,20,0,91,0,
cook_pasta_95.html,26,1,1,0,1,143,3.187165775401076,187,17,26,19,163,15,0,20,6,
cook_pasta_96.html,23,0,0,0,1,102,2.2485549132948317,865,71,73,72,223,5,0,28,24,
cook_pasta_99.html,40,0,0,0,1,24,2.018867924528306,106,14,19,5,149,14,0,8,0,
do_homework_0.html,27,0,0,0,1,346,2.5634674922600738,323,75,86,69,757,27,0,18,0,
fill_medicine_cabinet_0.html,22,0,0,0,1,0,14.97727272727273,44,0,1,0,152,20,0,17,6,
make_coffee_0.html,26,1,1,0,1,68,109.38582677165343,254,8,38,32,263,26,0,42,0,
make_low_carb_pancakes_0.html,25,0,0,0,1,220,2.7478991596638633,119,26,40,40,115,42,0,25,0,
make_mashed_potato_casserole_0.html,28,0,0,0,1,226,2.5616438356164393,73,19,38,38,151,48,0,18,0,
make_stuffed_crust_pizza_0.html,18,0,0,0,1,140,16.65775401069514,187,8,23,23,171,57,0,28,0,
make_tea_0.html,27,0,0,0,1,218,4.090032154340855,311,51,87,61,842,64,0,19,0,
play_video_games_0.html,27,0,0,0,1,425,3.1297071129707033,239,81,86,67,584,28,0,17,0,
prepare_birthday_card_0.html,17,0,0,0,1,76,2.995867768595053,242,9,10,9,77,16,0,25,0,
prepare_soup_0.html,40,0,0,0,1,34,8.989361702127654,188,6,9,9,180,16,0,7,0,
vacuum_0.html,38,1,1,0,1,29,3.751879699248121,133,15,18,18,136,23,0,1,0,
watch_tv_0.html,27,0,0,0,1,481,9.512077294685922,207,85,88,69,550,28,0,19,0,
water_plants_0.html,27,0,0,0,1,76,3.850000000000001,120,46,66,66,165,71,1,39,0,